{"cameraMode":{"drawMode":0,"name":"Shaded","section":"Shading Mode"},"sceneLighting":false,"audioPlay":false,"sceneViewState":{"showFog":true,"showMaterialUpdate":false,"showSkybox":false,"showFlares":true,"showImageEffects":true,"showParticleSystems":true},"in2DMode":false,"pivot":{"x":22.16307830810547,"y":-17.35830307006836,"z":1.3898638486862183},"rotation":{"x":-0.3460920453071594,"y":-0.3329198360443115,"z":0.13295356929302216,"w":-0.8670361042022705},"size":18.573467254638673,"orthographic":false}